"Occurrences","lex","Lexeme","Transliterated","None","Peal","Peil","Pael","Hafel","Afel","Shafel","Hofal","Hitpeel","Hitpaal","Hishtafal","Etpeel","Etpaal"
9,">B/","אַב I","ʔav","baba, babaye, babaze, mababa, babangu",,,,,,,,,,,,
3,">B=/","אֵב II","ʔēv","matunda, uzao, maza, tund, kuza",,,,,,,,,,,,
7,">BD[","אבד ","ʔVD",,"anga, harib, pote, haribik, ukiwa",,,"anga, harib, pote, haribik, ukiwa",,,"anga, harib, pote, haribik, ukiwa",,,,,
8,">BN/","אֶבֶן ","ʔeven","mawe, jiwe, vito, kito, pim",,,,,,,,,,,,
3,">GRH/","אִגְּרָה ","ʔiggᵊrāʰ","baru, waraka, nyaraka, nipewe",,,,,,,,,,,,
57,">DJN","אֱדַיִן ","ʔᵉdayin","ndipo, kisha, basi, huo, ule",,,,,,,,,,,,
1,">DR/","אֲדָר I","ʔᵃdār","adari",,,,,,,,,,,,
1,">DR=/","אִדַּר II","ʔiddar","puri, wanj, sakafu, nafaka, uga",,,,,,,,,,,,
2,">DRGZR/","אֲדַרְגָּזַר ","ʔᵃdargāzar","majaji, mwamuzi, muvy, ngeku, chonge",,,,,,,,,,,,
1,">DRZD>","אַדְרַזְדָּא ","ʔadrazdāˀ","bidi, haraka, tende, naam, izingatiwe",,,,,,,,,,,,
1,">DR</","אֶדְרָע ","ʔedrāʕ","udhalimu, jeur, nguvu, dhuluma, uharibifu",,,,,,,,,,,,
2,">ZD>","אַזְדָּא ","ʔazdāˀ","end, akaenda, shuk, nend, tok",,,,,,,,,,,,
3,">ZH[","אזה ","ʔZH",,"joto, jua, kali, siag, poondole",,,,,,,,,,,
7,">ZL[","אזל ","ʔZL",,"end, akaenda, shuk, nend, tok",,,,,,,,,,,
1,">X/","אַח ","ʔaḥ","ndugu, nduguye, nduguze, nduguyo, kaka",,,,,,,,,,,,
1,">XJDH/","אֲחִידָה ","ʔᵃḥîdāʰ","fumb, enda, msisiti, cheo, atutegulie",,,,,,,,,,,,
1,">XMT>/","אַחְמְתָא ","ʔaḥmᵊtāˀ","akmetha",,,,,,,,,,,,
3,">XR/","אַחַר ","ʔaḥar","baada, fuat, nyuma, baadaye, kwa",,,,,,,,,,,,
6,">XRJ/","אָחֳרִי I","ʔāḥᵒrî","mwingine, mingine, wengine, nyingine, ngin",,,,,,,,,,,,
1,">XRJ=/","אַחֲרִי II","ʔaḥᵃrî","mwisho, baada, batili, miisho, hapana",,,,,,,,,,,,
1,">XRJN","אָחֳרֵין ","ʔāḥᵒrên","baada, fuat, nyuma, baadaye, kwa",,,,,,,,,,,,
5,">XRN/","אָחֳרָן ","ʔāḥᵒrān","mwingine, mingine, wengine, nyingine, ngin",,,,,,,,,,,,
9,">XCDRPN/","אֲחַשְׁדַּרְפַּן ","ʔᵃḥašdarpan","amir, mawaziri, mwandiko, kubw, naib",,,,,,,,,,,,
6,">JLN/","אִילָן ","ʔîlān",,,,,,,,,,,,,
1,">JMTNJ/","אֵימְתָנִי ","ʔêmtānî","viun, unon, kusudi, kaul, nawe",,,,,,,,,,,,
17,">JTJ/","אִיתַי ","ʔîtay","huko, hapo, humo, ndik, pale",,,,,,,,,,,,
7,">KL[","אכל ","ʔXL",,"kul, zil, ikaw, kuwala, nil",,,,,,,,,,,
4,">L","אַל I","ʔal","wala, lakini, si, kwa, je",,,,,,,,,,,,
1,">L=","אֵל II","ʔēl","hao, haya, hawa, hayo, ndio",,,,,,,,,,,,
1,">LH","אֵלֶּה ","ʔēlleʰ","hao, haya, hawa, hayo, ndio",,,,,,,,,,,,
95,">LH/","אֱלָהּ ","ʔᵉlāh","mungu, miungu, bwana, wake, wao",,,,,,,,,,,,
5,">LW","אֲלוּ ","ʔᵃlû","tazama, angali, kumb, lien, zam",,,,,,,,,,,,
5,">LJN","אִלֵּין ","ʔillên","hao, haya, hawa, hayo, ndio",,,,,,,,,,,,
14,">LK","אִלֵּךְ ","ʔillēx","hao, haya, hawa, hayo, ndio",,,,,,,,,,,,
4,">LP/","אֲלַף ","ʔᵃlaf","elfu, maelfu, milion, laki, ndio",,,,,,,,,,,,
4,">MH/","אַמָּה I","ʔammāʰ","dhiraa, mikono, kwenda, liku, kadiri",,,,,,,,,,,,
8,">MH=/","אֻמָּה II","ʔummāʰ","watu, mataifa, taifa, waende, kabila",,,,,,,,,,,,
3,">MN[","אמן ","ʔMN",,,,,"amin, tumain, amini, sadik, tumaini",,,,,,,,
3,">MR/","אִמַּר ","ʔimmar","-kondo, kondoo, jik",,,,,,,,,,,,
71,">MR[","אמר ","ʔMR",,"ambi, akasema, akamwambia, sem, akawaambia",,,,,,,,,,,
16,">NH","אֲנָה ","ʔᵃnāʰ","mimi, nami, yangu, sisi, wangu",,,,,,,,,,,,
3,">NWN","אִנּוּן ","ʔinnûn","hii, hayo, hili, huu, huyu",,,,,,,,,,,,
4,">NXN>","אֲנַחְנָא ","ʔᵃnaḥnāˀ","sisi, tumevaa, anguka",,,,,,,,,,,,
1,">NJN","אִנִּין ","ʔinnîn","hii, hayo, hili, huu, huyu",,,,,,,,,,,,
1,">NS[","אנס ","ʔNS",,"lazimi, shuruti, shurutish, lazimish, nilazimi",,,,,,,,,,,
2,">NP/","אֲנַף ","ʔᵃnaf","mbele, uso, sababu, nyus, kabl",,,,,,,,,,,,
25,">NC/","אֱנָשׁ ","ʔᵉnāš","mtu, watu, mwanadamu, wanadamu, wanaume",,,,,,,,,,,,
15,">NTH","אַנְתָּה ","ʔantāʰ","wewe, ninyi, yenu, yako, kwenu",,,,,,,,,,,,
1,">NTWN","אַנְתּוּן ","ʔantûn","wewe, ninyi, yenu, yako, kwenu",,,,,,,,,,,,
3,">SWR/","אֱסוּר ","ʔᵉsûr","gerezan, fung, walinzi, gerez, husu",,,,,,,,,,,,
1,">SNPR/","אָסְנַפַּר ","ʔāsnappar","asur-bani-pali",,,,,,,,,,,,
7,">SPRN>","אָסְפַּרְנָא ","ʔāsparnāˀ","bidi, haraka, tende, naam, izingatiwe",,,,,,,,,,,,
7,">SR/","אֱסָר ","ʔᵉsār","marufuku, nyamazi, funga, ziwazo, aish",,,,,,,,,,,,
5,"></","אָע ","ʔāʕ","msit, mti, tun, mwituni, rung",,,,,,,,,,,,
4,">P","אַף ","ʔaf","naam, tena, pia, hata, naye",,,,,,,,,,,,
1,">PRSJ/","אֲפָרְסָי ","ʔᵃfārsāʸ","washushani",,,,,,,,,,,,
2,">PRSKJ/","אֲפַרְסְכָי ","ʔᵃfarsᵊxāʸ","kiajemi, wenz, waarkewi",,,,,,,,,,,,
1,">PRSTKJ/","אֲפַרְסַתְכָי ","ʔᵃfarsatxāʸ","kiajemi, wenz, waarkewi",,,,,,,,,,,,
1,">PTM/","אַפְּתֹם ","ʔappᵊtōm","hawatatoa",,,,,,,,,,,,
3,">YB</","אֶצְבַּע ","ʔeṣbaʕ","dol, kuch, akat",,,,,,,,,,,,
8,">RB</","אַרְבַּע ","ʔarbaʕ","nne, wann, minn, mann, vinn",,,,,,,,,,,,
3,">RGWN/","אַרְגְּוָן ","ʔargᵊwān","amba, rang, urujuani",,,,,,,,,,,,
5,">RW","אֲרוּ ","ʔᵃrû","tazama, angali, kumb, lien, zam",,,,,,,,,,,,
2,">RX/","אֲרַח ","ʔᵃraḥ","njia, njiani, upande, safari, mwendo",,,,,,,,,,,,
10,">RJH/","אַרְיֵה ","ʔaryēʰ","simb",,,,,,,,,,,,
5,">RJWK/","אַרְיֹוךְ ","ʔaryôx","arioko",,,,,,,,,,,,
1,">RJK/","אֲרִיךְ ","ʔᵃrîx","haifai, adab, tupa, ambata, pendeza",,,,,,,,,,,,
1,">RKBH/","אַרְכֻבָּה ","ʔarxubbāʰ","got, magotini, goti",,,,,,,,,,,,
2,">RKH/","אַרְכָה ","ʔarxāʰ","uref, moja, mapana, kuongeze, ana",,,,,,,,,,,,
1,">RKWJ/","אַרְכְּוָי ","ʔarkᵊwāʸ","wababeli",,,,,,,,,,,,
21,">R</","אֲרַע ","ʔᵃraʕ","nchi, dunia, duniani, chini, ardh",,,,,,,,,,,,
1,">R<J/","אַרְעִי ","ʔarʕî","mahali, tak, vyake, pale, pake",,,,,,,,,,,,
1,">RQ/","אֲרַק ","ʔᵃraq","nchi, dunia, duniani, chini, ardh",,,,,,,,,,,,
6,">RTXCFT>/","אַרְתַּחְשַׁשְׂתְּא ","ʔartaḥšaśtᵊʔ","artashasta",,,,,,,,,,,,
3,">C/","אֹשׁ ","ʔōš","msingi, misingi, maka, wek, kuitia",,,,,,,,,,,,
1,">C>/","אֶשָּׁא ","ʔeššāˀ","moto, motoni, tekete, teketez, kisha",,,,,,,,,,,,
6,">CP/","אָשַׁף ","ʔāšaf","acha, buz, uganga, pepo, bashir",,,,,,,,,,,,
2,">CRN/","אשׁרן ","ʔšrn","ukut, kuta, ziz, juu, boma",,,,,,,,,,,,
2,">CTDWR/","אֶשְׁתַּדּוּר ","ʔeštaddûr","chw, shinda, zichunguzwe, hizo",,,,,,,,,,,,
3,">T/","אָת ","ʔāt","ishara, lil, alam, sahihi",,,,,,,,,,,,
16,">TH[","אתה ","ʔTH",,"ingi, tok, let, kuj, fik",,,"ingi, tok, let, kuj, fik",,,"ingi, tok, let, kuj, fik",,,,,
10,">TWN/","אַתּוּן ","ʔattûn","tanuri",,,,,,,,,,,,
5,">TR/","אֲתַר ","ʔᵃtar","mahali, pale, shamb, nafasi, bustani",,,,,,,,,,,,
226,"B","בְּ ","bᵊ",,,,,,,,,,,,,
1,"B>JC/","בִּאישׁ ","biˀyš","mabaya, uovu, mbay, mwov, waov",,,,,,,,,,,,
1,"B>C[","באשׁ ","BʔŠ",,"uvundo, chukiz, karaha, amewachukiza, liondoeni",,,,,,,,,,,
3,"B>TR/","בָּאתַר ","bāˀtar","mahali, pale, shamb, nafasi, bustani",,,,,,,,,,,,
25,"BBL/","בָּבֶל ","bāvel","babeli, mwenzenu",,,,,,,,,,,,
1,"BBLJ/","בָּבְלָי ","bāvlāʸ","babeli, mwenzenu",,,,,,,,,,,,
1,"BDR[","בדר ","BDR",,,,"tawany, tawanyi, nyunyi, kata, tapany",,,,,,,,,
1,"BHJLW/","בְּהִילוּ ","bᵊhîlû","haraka, upes, hima, mbio, mwenye",,,,,,,,,,,,
11,"BHL[","בהל ","BHL",,,,"fadhai, zimi, chok, hofu, haraka",,,,,"fadhai, zimi, chok, hofu, haraka","fadhai, zimi, chok, hofu, haraka",,,
6,"BVL[","בטל ","BṬL",,"komesh, ach, kom, pumzik, acha",,"komesh, ach, kom, pumzik, acha",,,,,,,,,
2,"BJN/","בֵּין ","bên","kati, katikati, kama, wakati, mbanu",,,,,,,,,,,,
1,"BJNH/","בִּינָה ","bînāʰ","ufahamu, faham, akil, elew, busara",,,,,,,,,,,,
1,"BJRH/","בִּירָה ","bîrāʰ","ngom, jumb, boma, bom, ngomeni",,,,,,,,,,,,
44,"BJT/","בַּיִת ","bayit","nyumba, nyumbani, ndani, jamaa, koo",,,,,,,,,,,,
1,"BJT[","בית ","BYT",,"mpa",,,,,,,,,,,
1,"BL/","בָּל ","bāl","akil, nia, fikira, amewatawanya, achunguzaye",,,,,,,,,,,,
1,"BLH[","בלה ","BLH",,,,"utes",,,,,,,,,
3,"BLW/","בְּלֹו ","bᵊlô","kodi, sehemu",,,,,,,,,,,,
8,"BLVC>YR/","בֵּלְטְשַׁאצַּר ","bēlᵊṭᵊšaˀṣṣar","belteshaza",,,,,,,,,,,,
7,"BLC>YR/","בֵּלְשַׁאצַּר ","bēlᵊšaˀṣṣar","belshaza",,,,,,,,,,,,
22,"BNH[","בנה ","BNH",,"jeng, jenge, waashi, jijenge, mjenge",,,,,,,"jeng, jenge, waashi, jijenge, mjenge",,,,
1,"BNJN/","בִּנְיָן ","binyān","jeng, yafaayo, jengw, ujenzi, tubu",,,,,,,,,,,,
1,"BNS[","בנס ","BNS",,"kali, ghadhabu, hasira, kasirik, waka",,,,,,,,,,,
12,"B<H[","בעה ","BʕH",,"uliz, omb, tak, omba, uliza",,"uliz, omb, tak, omba, uliza",,,,,,,,,
2,"B<W/","בָּעוּ ","bāʕû","habari, vile, niiulizie, zen, keza",,,,,,,,,,,,
3,"B<L/","בְּעֵל ","bᵊʕēl","amur, agiz, amri, agiza, amriw",,,,,,,,,,,,
1,"BQ<H/","בִּקְעָה ","biqʕāʰ","bond, bonden, shefela, barar, and",,,,,,,,,,,,
5,"BQR[","בקר ","BQR",,,,"habari, vile, niiulizie, zen, keza",,,,,,"habari, vile, niiulizie, zen, keza",,,
19,"BR/","בַּר I","bar","wana, mwana, mwanawe, wanawe, watoto",,,,,,,,,,,,
8,"BR=/","בַּר II","bar","shamb, shamban, konden, lim, nchi",,,,,,,,,,,,
1,"BRK/","בְּרַךְ ","bᵊrax","got, magotini, goti",,,,,,,,,,,,
1,"BRK=[","ברך II","BRX",,"barik, heri, bariki, baraka, ahimidiwe",,,,,,,,,,,
4,"BRK[","ברך I","BRX",,"barik, heri, bariki, baraka, ahimidiwe",,"barik, heri, bariki, baraka, ahimidiwe",,,,,,,,,
5,"BRM","בְּרַם ","bᵊram","some, kapat, zozio, katiw, zipite",,,,,,,,,,,,
3,"BFR/","בְּשַׂר ","bᵊśar","mwili, nyam, miil, ili, karibu",,,,,,,,,,,,
2,"BT/","בַּת ","bat","bath",,,,,,,,,,,,
1,"GB/","גַּב I","gav","nyuma, mgongo, hayarishw, sog, ujao",,,,,,,,,,,,
10,"GB=/","גֹּב II","gōv","tund",,,,,,,,,,,,
2,"GBWRH/","גְּבוּרָה ","gᵊvûrāʰ","shuja, nguvu, hodari, uwez, wenye",,,,,,,,,,,,
21,"GBR/","גְּבַר I","gᵊvar","mtu, watu, mwanadamu, wanadamu, wanaume",,,,,,,,,,,,
1,"GBR=/","גִּבָּר II","gibbār","shuja, nguvu, hodari, uwez, wenye",,,,,,,,,,,,
2,"GDBR/","גְּדָבַר ","gᵊdāvar","hazina, watunza",,,,,,,,,,,,
2,"GDD[","גדד ","GDD",,"mbali, fany, kat, tili, teng",,,,,,,,,,,
13,"GW>/","גֹּוא ","gôʔ","katikati, kati, katika, ndani, miongoni",,,,,,,,,,,,
1,"GWH/","גֵּוָה ","gēwāʰ","kiburi, fahari, sif, enzi, utukufu",,,,,,,,,,,,
1,"GWX[","גוח ","GWḤ",,,,,"chw, shinda, zichunguzwe, hizo",,,,,,,,
1,"GZBR/","גִּזְבַּר ","gizbar","hazina, watunza",,,,,,,,,,,,
6,"GZR[","גזר ","GZR",,"jim, amriw, chong, aman, dhihirish",,,,,,,"jim, amriw, chong, aman, dhihirish",,,"jim, amriw, chong, aman, dhihirish",
2,"GZRH/","גְּזֵרָה ","gᵊzērāʰ","amri, chor, fimb, ya, uadu",,,,,,,,,,,,
1,"GJR/","גִּיר ","gîr","chokaa",,,,,,,,,,,,
1,"GLGL/","גַּלְגַּל ","galgal","gurudum, sulisul, vumb, mwueni",,,,,,,,,,,,
9,"GLH[","גלה ","GLH",,"funuli, funu, mateka, chukuli, chuku","funuli, funu, mateka, chukuli, chuku",,"funuli, funu, mateka, chukuli, chuku",,,,,,,,
4,"GLW/","גָּלוּ ","gālû","mateka, twa, uhamisho, hamish, wafungwa",,,,,,,,,,,,
2,"GLL/","גְּלָל ","gᵊlāl","kubw, kubwa, mkuu, kuu, maku",,,,,,,,,,,,
1,"GMR[","גמר ","GMR",,"ish, lip, kamili, maliz, anga",,,,,,,,,,,
3,"GNZ/","גְּנַז ","gᵊnaz","hazina, akib, ghal, fich, weke",,,,,,,,,,,,
3,"GP/","גַּף ","gaf","baw, mbaw, bawa, upindo, ncha",,,,,,,,,,,,
1,"GRM/","גְּרַם ","gᵊram","mifupa, mfup, mifupani, iyo, ile",,,,,,,,,,,,
5,"GCM/","גְּשֵׁם ","gᵊšēm","mwili, miil, wiliwil, mzog, mwil",,,,,,,,,,,,
6,"D>","דָּא ","dāˀ","hii, hayo, hili, huu, huyu",,,,,,,,,,,,
1,"DB/","דֹּב ","dōv","dubu",,,,,,,,,,,,
1,"DBX/","דְּבַח ","dᵊvaḥ","dhabihu, sadaka, chinj, tole, chinji",,,,,,,,,,,,
1,"DBX[","דבח ","DVḤ",,"dhabihu, sadaka, chinj, tole, chinji",,,,,,,,,,,
1,"DBQ[","דבק ","DVQ",,"shik, ambata, ishi, anda, pasu",,,,,,,,,,,
2,"DBRH/","דִּבְרָה ","divrāʰ","umeapa, ufikiri, wafanana",,,,,,,,,,,,
23,"DHB/","דְּהַב ","dᵊhav","dhahabu, hazina",,,,,,,,,,,,
1,"DHJ/","דֶּהָי ","dehāʸ",,,,,,,,,,,,,
1,"DWQ[","דוק ","DWQ",,"vunja, vunjik, pond, vunj, gonga",,,,,,,,,,,
7,"DWR[","דור ","DWR",,"wakaao, oka, akakaa, kuka, mkaa",,,,,,,,,,,
1,"DWR>/","דּוּרָא ","dûrāˀ","dura",,,,,,,,,,,,
1,"DWC[","דושׁ ","DWŠ",,"kanya, waka, amka, kwa, taka",,,,,,,,,,,
1,"DXWH/","דַּחֲוָה ","daḥᵃwāʰ","zaburi, zeze, muziki, ala, nand",,,,,,,,,,,,
6,"DXL[","דחל ","DḤL",,"ogop, hofu, kumcha, tish, kich",,"ogop, hofu, kumcha, tish, kich",,,,,,,,,
345,"DJ","דִּי ","dî","basi, hiyo, ila, ili, kwa",,,,,,,,,,,,
5,"DJN/","דִּין I","dîn","hukumu, adil, kesi, tekele, mada",,,,,,,,,,,,
1,"DJN=/","דַּיָּן II","dayyān","majaji, mwamuzi, muvy, ngeku, chonge",,,,,,,,,,,,
1,"DJN[","דין ","DYN",,"hukum, waamuzi, mwamuzi, amu, hukumu",,,,,,,,,,,
1,"DJNJ/","דִּינָי ","dînāʸ","makadhi",,,,,,,,,,,,
6,"DK","דֵּךְ I","dēx","hii, hayo, hili, huu, huyu",,,,,,,,,,,,
7,"DK=","דָּךְ II","dāx","hii, hayo, hili, huu, huyu",,,,,,,,,,,,
3,"DKN","דִּכֵּן ","dikkēn","hii, hayo, hili, huu, huyu",,,,,,,,,,,,
3,"DKR/","דְּכַר ","dᵊxar","dume, kondoo, wana, wanaume, kium",,,,,,,,,,,,
1,"DKRWN/","דִּכְרֹון ","dixrôn","bush, bukumb, kumbuk, mbuk, bukw",,,,,,,,,,,,
2,"DKRN/","דָּכְרָן ","dāxrān","bush, bukumb, kumbuk, mbuk, bukw",,,,,,,,,,,,
1,"DLQ[","דלק ","DLQ",,"wak, tekete, chom, ondo, teketez",,,,,,,,,,,
2,"DMH[","דמה ","DMH",,"kama, mfano, fanan, umbo, fananish",,,,,,,,,,,
58,"DNH","דְּנָה ","dᵊnāʰ","hii, hayo, hili, huu, huyu",,,,,,,,,,,,
52,"DNJ>L/","דָּנִיֵּאל ","dāniyyēˀl","danieli",,,,,,,,,,,,
9,"DQQ[","דקק ","DQQ",,,,,"vunj, vunjik, pasu, vunja, meg",,,,,,,,
4,"DR/","דָּר ","dār","zaz, ratib",,,,,,,,,,,,
15,"DRJWC/","דָּרְיָוֶשׁ ","dāryāweš","dario",,,,,,,,,,,,
1,"DR</","דְּרָע ","dᵊrāʕ","mkono, mikono, mwake, mikononi, wenye",,,,,,,,,,,,
14,"DT/","דָּת ","dāt","sheria, torati, mbiu, amri, halali",,,,,,,,,,,,
2,"DT>/","דֶּתֶא ","deteˀ","jan, nyas, mororo, mibichi, lanyauka",,,,,,,,,,,,
2,"DTBR/","דְּתָבַר ","dᵊtāvar","majaji, mwamuzi, muvy, ngeku, chonge",,,,,,,,,,,,
6,"H","הֲ ","hᵃ",,,,,,,,,,,,,
1,"H>","הָא I","hāˀ","tazama, angali, kumb, lien, zam, kama, mfano, fanan, umbo, fananish",,,,,,,,,,,,
1,"H>=","הֵא II","hēˀ","tazama, angali, kumb, lien, zam, kama, mfano, fanan, umbo, fananish",,,,,,,,,,,,
4,"HDBR/","הַדָּבַר ","haddāvar","shaur, ushauri, washauri, mshauri, kusud",,,,,,,,,,,,
2,"HDM/","הַדָּם ","haddām","pand, tong, gaw, vitekete, lijaze",,,,,,,,,,,,
3,"HDR/","הֲדַר ","hᵃdar","heshima, heshim, mzit, tuku, waheshimu",,,,,,,,,,,,
3,"HDR[","הדר ","HDR",,,,"heshima, heshim, mzit, tuku, waheshimu",,,,,,,,,
15,"HW>","הוּא ","hûˀ","mimi, nami, yangu, sisi, wangu",,,,,,,,,,,,
71,"HWH[","הוה ","HWH",,"kuw, ikawa, kuwa, itakuwa, alikuwa",,,,,,,,,,,
7,"HJ>","הִיא ","hîʔ","mimi, nami, yangu, sisi, wangu",,,,,,,,,,,,
13,"HJKL/","הֵיכַל ","hêxal","hekal, hekaluni, wanethini, jumb, nyumba",,,,,,,,,,,,
3,"HLK/","הֲלָךְ ","hᵃlāx","end, akaenda, shuk, nend, tok",,,,,,,,,,,,
7,"HLK[","הלך ","HLX",,"end, akaenda, shuk, nend, tok",,"end, akaenda, shuk, nend, tok","end, akaenda, shuk, nend, tok",,,,,,,,
9,"HMW","הִמֹּו ","himmô","hii, hayo, hili, huu, huyu",,,,,,,,,,,,
3,"HMWN","הִמֹּון ","himmôn","hii, hayo, hili, huu, huyu",,,,,,,,,,,,
3,"HMNJK/","הַמְנִיךְ ","hamnîx","mkuf, mikufu",,,,,,,,,,,,
16,"HN","הֵן ","hēn","kama, ikiwa, lakini, au, kwamba, basi, hiyo, ila, ili, kwa",,,,,,,,,,,,
1,"HRHR/","הַרְהֹר ","harhōr","mimb, zali, nikaota",,,,,,,,,,,,
731,"W","וְ ","wᵊ",,,,,,,,,,,,,
1,"ZBN[","זבן ","ZVN",,"nunu, nunuli, tununue, nunua, jinunu",,,,,,,,,,,
1,"ZHJR/","זְהִיר ","zᵊhîr",,,,,,,,,,,,,
1,"ZWN[","זון ","ZWN",,,,,,,,,"karamu, lish, shib, papa, nyw",,,,
2,"ZW<[","זוע ","ZWʕ",,"tetemek, hofu, ogop, fukuz, kwako",,,,,,,,,,,
1,"ZJD[","זיד ","ZYD",,,,,"tanuri, waokaji, tokos, mwokaji, kos",,,,,,,,
6,"ZJW/","זִיו ","zîw","adhama, heshima, utukufu, fahari, uzur",,,,,,,,,,,,
1,"ZKW/","זָכוּ ","zāxû","hati, asiy, isiy, lawama, zisizo",,,,,,,,,,,,
2,"ZKRJH/","זְכַרְיָה ","zᵊxaryāʰ","zekaria, zakaria, kubw, nitajuaje",,,,,,,,,,,,
11,"ZMN/","זְמָן ","zᵊmān","wakati, nyakati, muda, jir, aman",,,,,,,,,,,,
1,"ZMN[","זמן ","ZMN",,,,,,,,,"patan, kubal, shukur, unga, kubali",,,,
4,"ZMR/","זְמָר I","zᵊmār","zaburi, zeze, muziki, ala, nand",,,,,,,,,,,,
1,"ZMR=/","זַמָּר II","zammār","imba, imb, mwimbieni, imbi, imbeni",,,,,,,,,,,,
4,"ZN/","זַן ","zan","aina, namn, jinsi, yalijawa, izaayo",,,,,,,,,,,,
1,"Z<JR/","זְעֵיר ","zᵊʕêr","kidogo, acha, mdog, chach, tamb",,,,,,,,,,,,
1,"Z<Q[","זעק ","ZʕQ",,"lili, kili, kelel, paz, mlili",,,,,,,,,,,
1,"ZQP[","זקף ","ZQF",,"tufufu, fufuli, amtwae, anguka, kusimami",,,,,,,,,,,
1,"ZRBBL/","זְרֻבָּבֶל ","zᵊrubbāvel","zerubabeli",,,,,,,,,,,,
1,"ZR</","זְרַע ","zᵊraʕ","uzao, mbeg, waza, wazawa, mzao",,,,,,,,,,,,
1,"XBWLH/","חֲבוּלָה ","ḥᵃvûlāʰ","wahalifu, maov, lolio, tesw, ngeku",,,,,,,,,,,,
3,"XBL/","חֲבָל ","ḥᵃvāl","dhur, dhar, dhulum, mabaya, nidhulum",,,,,,,,,,,,
6,"XBL[","חבל ","ḤVL",,,,"anga, harib, pote, haribik, ukiwa",,,,,,"anga, harib, pote, haribik, ukiwa",,,
3,"XBR/","חֲבַר ","ḥᵃvar","kazi, rafik, wenzake, enzi, mwenzake",,,,,,,,,,,,
1,"XBRH/","חַבְרָה ","ḥavrāʰ","wenzao, anga, wenzake, wavuvi",,,,,,,,,,,,
2,"XGJ/","חַגַּי ","ḥaggay","hagai, likuj",,,,,,,,,,,,
14,"XD/","חַד ","ḥad","mmoja, moja, kimoja, kwanza, mojawapo",,,,,,,,,,,,
1,"XDH/","חֲדֵה ","ḥᵃdēʰ","matiti, dar, maziwa, matitini, fuan",,,,,,,,,,,,
1,"XDWH/","חֶדְוָה ","ḥedwāʰ","furaha, shangwe, furah, furahi",,,,,,,,,,,,
1,"XDT/","חֲדַת ","ḥᵃdat","mpya, jipy, jan, mapy, vipy",,,,,,,,,,,,
15,"XWH[","חוה ","ḤWH",,,,"onesh, ony, wone, yake, dhihiri","onesh, ony, wone, yake, dhihiri","onesh, ony, wone, yake, dhihiri",,,,,,,
1,"XWR/","חִוָּר ","ḥiwwār","meup, nyeupe, mweupe, weup, cheupe",,,,,,,,,,,,
31,"XZH[","חזה ","ḤZH",,"tazam, mwon, poon, angali, waon",,,,,,,,,,,
12,"XZW/","חֱזוּ ","ḥᵉzû","maon, njoz, mashuhuri, ndot, batili",,,,,,,,,,,,
2,"XZWT/","חֲזֹות ","ḥᵃzôt","dhihiri, dhihirish, onesh, dhahiri, onekan",,,,,,,,,,,,
1,"XV>/","חֲטָא ","ḥᵃṭāˀ","dhambi, hati, kos, kose, makosa",,,,,,,,,,,,
1,"XV>H/","חַטָּאָה ","ḥaṭṭāʔāʰ","dhambi, hati, kos, kose, makosa",,,,,,,,,,,,
5,"XJ/","חַי ","ḥay","wanyama, uhai, mnyama, umb, hai",,,,,,,,,,,,
6,"XJH[","חיה ","ḤYH",,"ish, hai, aish, pon, fufu",,,"ish, hai, aish, pon, fufu",,,,,,,,
20,"XJWH/","חֵיוָה ","ḥêwāʰ","wanyama, mnyama, jangwan, hayawani, wakali",,,,,,,,,,,,
2,"XJJN/","חַיִּין ","ḥayyîn","wanyama, uhai, mnyama, umb, hai",,,,,,,,,,,,
7,"XJL/","חַיִל ","ḥayil","nguvu, jeshi, uwez, shik, hodari",,,,,,,,,,,,
14,"XKJM/","חַכִּים ","ḥakkîm","hekima, akil, stad, mwenye, busara",,,,,,,,,,,,
8,"XKMH/","חָכְמָה ","ḥāxmāʰ","hekima, akil, stad, mwenye, busara",,,,,,,,,,,,
22,"XLM/","חֵלֶם ","ḥēlem","ndot, akaota, nimeota, mwotaji, wataota",,,,,,,,,,,,
4,"XLP[","חלף ","ḤLF",,"pit, vuk, pita, piti, endele",,,,,,,,,,,
3,"XLQ/","חֲלָק ","ḥᵃlāq","sehemu, fung, wanj, shamb, liko",,,,,,,,,,,,
2,"XMH/","חֲמָה ","ḥᵃmāʰ","ghadhabu, hasira, ukal, sumu, chafu",,,,,,,,,,,,
6,"XMR/","חֲמַר ","ḥᵃmar","diva, mvinyo, rib, shinikiz, zabibu",,,,,,,,,,,,
2,"XNVH/","חִנְטָה ","ḥinṭāʰ","ngan, ningewashibisha, jiumi",,,,,,,,,,,,
4,"XNKH/","חֲנֻכָּה ","ḥᵃnukkāʰ","taka, wakf, kabisa, teng, taji",,,,,,,,,,,,
2,"XNN[","חנן ","ḤNN",,"kibali, neem, pend, fadhili, pako",,,,,,,,"kibali, neem, pend, fadhili, pako",,,
1,"XNNJH/","חֲנַנְיָה ","ḥᵃnanyāʰ","hanania, umezivunja",,,,,,,,,,,,
1,"XSJR/","חַסִּיר ","ḥassîr","punguki, pungu, hitaj, asiy, kos",,,,,,,,,,,,
2,"XSN/","חֱסֵן ","ḥᵉsēn","mamlaka, uwez, amri, nguvu, lina",,,,,,,,,,,,
2,"XSN[","חסן ","ḤSN",,,,,"milik, milk, ana, mwenye, fukuz",,,,,,,,
9,"XSP/","חֲסַף ","ḥᵃsaf","udongo, tope, top, kifinyan, tofal",,,,,,,,,,,,
2,"XYP[","חצף ","ḤṢF",,,,,"ina, lina",,,,,,,,
1,"XRB[","חרב ","ḤRV",,,,,,,,"anga, harib, pote, haribik, ukiwa",,,,,
5,"XRVM/","חַרְטֹּם ","ḥarṭṭōm","agan, mganga, walifaa, mwingi",,,,,,,,,,,,
1,"XRK[","חרך ","ḤRX",,,,,,,,,,"tekete, joto, kaush, pozu, ruhusiw",,,
1,"XRY/","חֲרַץ ","ḥᵃraṣ","viun, unon, kusudi, kaul, nawe",,,,,,,,,,,,
1,"XCB[","חשׁב ","ḤŠV",,"imfikie, fumbw, asipate, zui",,,,,,,,,,,
1,"XCWK/","חֲשֹׁוךְ ","ḥᵃšôx","giza, gizani, pofu, mweusi, weus",,,,,,,,,,,,
1,"XCX[","חשׁח ","ḤŠḤ",,"haja, mhitaji, wahitaji, hitaj, maskini, lazima, wapa, sharti, mpas, lazim",,,,,,,,,,,
1,"XCXH/","חַשְׁחָה ","ḥašḥāʰ","haja, mhitaji, wahitaji, hitaj, maskini, lazima, wapa, sharti, mpas, lazim",,,,,,,,,,,,
1,"XCXW/","חַשְׁחוּ ","ḥašḥû","lazima, wapa, sharti, mpas, lazim",,,,,,,,,,,,
1,"XCL[","חשׁל ","ḤŠL",,"vunja, vunjik, pond, vunj, gonga",,,,,,,,,,,
1,"XTM[","חתם ","ḤTM",,"mhur, tiw, churuzi, fung, hawaujui",,,,,,,,,,,
1,"V>B[","טאב ","ṬʔV",,"mema, wema, vema, njem, jema",,,,,,,,,,,
2,"VB/","טָב ","ṭāv","tajir, mali, jir, wing, unon",,,,,,,,,,,,
1,"VBX/","טַבַּח ","ṭabbaḥ","askari, walinzi, lind, mpishi, wahi",,,,,,,,,,,,
2,"VWR/","טוּר ","ṭûr","mlima, ili, lima, lim, juu",,,,,,,,,,,,
1,"VWT","טְוָת ","ṭᵊwāt","fung, saum, funga, hawafungi, wakiwa",,,,,,,,,,,,
2,"VJN/","טִין ","ṭîn","top, topen, waid, tumiw, tope",,,,,,,,,,,,
5,"VL/","טַל ","ṭal","umande, toweka, manono",,,,,,,,,,,,
1,"VLL[","טלל ","ṬLL",,,,,"funik, sitir, funika, pazi, funiki",,,,,,,,
30,"V<M/","טְעֵם ","ṭᵊʕēm","imfikie, fumbw, asipate, zui, amur, agiz, amri, agiza, amriw",,,,,,,,,,,,
3,"V<M[","טעם ","ṬʕM",,,,"karamu, lish, shib, papa, nyw",,,,,,,,,
2,"VPR/","טְפַר ","ṭᵊfar","dol, kuch, akat",,,,,,,,,,,,
4,"VRD[","טרד ","ṬRD",,"fuati, fukuz, fuat, nifuati, niudh","fuati, fukuz, fuat, nifuati, niudh",,,,,,,,,,
1,"VRPLJ/","טַרְפְּלָי ","ṭarpᵊlāʸ","wababeli",,,,,,,,,,,,
3,"JBL[","יבל ","YVL",,,,,"let, pelek, lete, tanguli, chuku",,,,,,,,
1,"JBCH/","יַבְּשָׁה ","yabbᵊšāʰ","nchi, dunia, duniani, chini, ardh",,,,,,,,,,,,
1,"JGR/","יְגַר ","yᵊgar","sipo, yegarsahadutha",,,,,,,,,,,,
17,"JD/","יַד ","yad","mkono, mikono, mkononi, mikononi, kwa",,,,,,,,,,,,
2,"JDH[","ידה ","YDH",,,,,"shukur, barik, mshukuruni, sif, bariki",,,,,,,,
47,"JD<[","ידע ","YDʕ",,"kuju, naju, yaju, waju, mwon",,,"kuju, naju, yaju, waju, mwon",,,,,,,,
28,"JHB[","יהב ","YHV",,"wap, pew, wek, akampa, wati","wap, pew, wek, akampa, wati",,,,,,"wap, pew, wek, akampa, wati",,,,
7,"JHWD/","יְהוּד ","yᵊhûd","yudea, yuda, galilaya, kuwak",,,,,,,,,,,,
10,"JHWDJ/","יְהוּדָי ","yᵊhûdāʸ","wayahudi, myahudi, kiyahudi, yudea, hawa",,,,,,,,,,,,
16,"JWM/","יֹום ","yôm","siku, leo, wakati, kutw, cha",,,,,,,,,,,,
1,"JWYDQ/","יֹוצָדָק ","yôṣādāq","yosadaki",,,,,,,,,,,,
9,"JZB[","יזב ","YZV",,,,,,,"oko, sali, pony, uniponye, uniokoe",,,,,,
1,"JXV[","יחט ","YḤṬ",,,,"uzi, katik, lotuterem, zifanyi",,,,,,,,,
1,"JVB[","יטב ","YṬV",,"mema, wema, vema, njem, jema",,,,,,,,,,,
12,"JKL[","יכל ","YXL",,"wez, awe, iwe, weza, awez",,,,,,,,,,,
2,"JM/","יַם ","yam","bahari, magharibi, baharini, pwan, kavu",,,,,,,,,,,,
1,"JSP[","יסף ","YSF",,,,,,,,"tena, ongez, zid, mara, ongeze",,,,,
3,"J<V[","יעט ","YʕṬ",,"shaur, ushauri, washauri, mshauri, kusud",,,,,,,,,,,"shaur, ushauri, washauri, mshauri, kusud"
1,"JY>[","יצא ","YṢʔ",,,,,,,"ish, timi, maliz, anga, zima",,,,,,
1,"JYB[","יצב ","YṢV",,,,"kuju, naju, yaju, waju, mwon",,,,,,,,,
5,"JYJB/","יַצִּיב ","yaṣṣîv","fulani, karibu, lenyewe, hus, mawaziri",,,,,,,,,,,,
8,"JQD[","יקד ","YQD",,"wak, tekete, chom, ondo, teketez",,,,,,,,,,,
1,"JQDH/","יְקֵדָה ","yᵊqēdāʰ","tekete, ngu, king",,,,,,,,,,,,
2,"JQJR/","יַקִּיר ","yaqqîr","heshima, heshim, mzit, tuku, waheshimu",,,,,,,,,,,,
7,"JQR/","יְקָר ","yᵊqār","heshima, heshim, mzit, tuku, waheshimu",,,,,,,,,,,,
26,"JRWCLM/","יְרוּשְׁלֶם ","yᵊrûšlem","yerusalemu",,,,,,,,,,,,
2,"JRX/","יְרַח ","yᵊraḥ","mwezi, miez",,,,,,,,,,,,
1,"JRKH/","יַרְכָה ","yarxāʰ","paja, pajan, upande, chake, paj",,,,,,,,,,,,
1,"JCW</","יֵשׁוּעַ ","yēšûₐʕ","yeshua, yoshua",,,,,,,,,,,,
8,"JFR>L/","יִשְׂרָאֵל ","yiśrāʔēl","israeli, waisraeli, mwisraeli, yuda, kati",,,,,,,,,,,,
1,"JT","יָת ","yāt","nani, lait, ambao, taka, aliye",,,,,,,,,,,,
5,"JTB[","יתב ","YTV",,"wakaao, oka, akakaa, kuka, mkaa",,,"wakaao, oka, akakaa, kuka, mkaa",,,,,,,,
8,"JTJR/","יַתִּיר ","yattîr","yatiri, kias, bora, liku, tish",,,,,,,,,,,,
63,"K","כְּ ","kᵊ",,,,,,,,,,,,,
1,"KDBH/","כִּדְבָה ","kidvāʰ","uongo, waongo, usishuhudie, mshuhudi",,,,,,,,,,,,
1,"KH","כָּה ","kāʰ","hivi, hivyo, ndivyo, vivy, ndiyo",,,,,,,,,,,,
4,"KHL[","כהל ","KHL",,"wez, awe, iwe, weza, awez",,,,,,,,,,,
8,"KHN/","כָּהֵן ","kāhēn","kuhani, makuhani, kuhan",,,,,,,,,,,,
1,"KWH/","כַּוָּה ","kawwāʰ","dirish, dirishan, taa, ilikuwa",,,,,,,,,,,,
8,"KWRC/","כֹּורֶשׁ ","kôreš","koreshi",,,,,,,,,,,,
1,"KKR/","כַּכַּר ","kakkar","lant, bond, and, anda, pand",,,,,,,,,,,,
83,"KL/","כֹּל ","kōl","wote, yote, kila, zote, vyote",,,,,,,,,,,,
7,"KLL[","כלל ","KLL",,,,,,,"maliz, timi, alizi, yatimi, aliona",,,,"maliz, timi, alizi, yatimi, aliona",,
8,"KN","כֵּן ","kēn","hivi, hivyo, ndivyo, vivy, ndiyo",,,,,,,,,,,,
5,"KNM>","כְּנֵמָא ","kᵊnēmāˀ","hivi, hivyo, ndivyo, vivy, ndiyo",,,,,,,,,,,,
3,"KNC[","כנשׁ ","KNŠ",,"kusany, kusanyi, sany, kuta, okot",,,,,,,,"kusany, kusanyi, sany, kuta, okot",,,
7,"KNT/","כְּנָת ","kᵊnāt","wenzao, anga, wenzake, wavuvi",,,,,,,,,,,,
13,"KSP/","כְּסַף ","kᵊsaf","fedha, hama, mali, kima, jir",,,,,,,,,,,,
13,"K<N","כְּעַן ","kᵊʕan","sasa, basi, haya, tangu, huu",,,,,,,,,,,,
3,"K<NT","כְּעֶנֶת ","kᵊʕenet","sasa, basi, haya, tangu, huu",,,,,,,,,,,,
1,"K<T","כְּעֶת ","kᵊʕet","sasa, basi, haya, tangu, huu",,,,,,,,,,,,
4,"KPT[","כפת ","KFT",,,,,,,,,,,,,
1,"KR/","כֹּר ","kōr","kori",,,,,,,,,,,,
1,"KRBLH/","כַּרְבְּלָה ","karbᵊlāʰ","chapeo, deraya, ipokeeni",,,,,,,,,,,,
1,"KRH[","כרה ","KRH",,,,,,,,,,,,"mabaya, uovu, taab, shid, dhik",
1,"KRWZ/","כָּרֹוז ","kārôz","hubiri, tangaz, hubir, mhubir, mpig",,,,,,,,,,,,
1,"KRZ[","כרז ","KRZ",,,,,"hubiri, tangaz, hubir, mhubir, mpig",,,,,,,,
3,"KRS>/","כָּרְסֵא ","kārsēˀ","kiti, enzi, kitini, wal, ameapa",,,,,,,,,,,,
9,"KFDJ/","כַּשְׂדָּי ","kaśdāʸ","wakaldayo, ukaldayo, mkaldayo",,,,,,,,,,,,
12,"KTB/","כְּתָב ","kᵊtāv","anwani, julish, sahihi, letw, tekeli",,,,,,,,,,,,
8,"KTB[","כתב ","KTV",,"andikw, andik, andiki, andi, yaan",,,,,,,,,,,
2,"KTL/","כְּתַל ","kᵊtal","ukut, kuta, ziz, juu, boma",,,,,,,,,,,,
378,"L","לְ ","lᵊ",,,,,,,,,,,,,
82,"L>","לָא ","lāˀ","wala, lakini, si, kwa, je",,,,,,,,,,,,
1,"LB/","לֵב ","lēv","moyo, mioyo, moyoni, mioyoni, akil",,,,,,,,,,,,
7,"LBB/","לְבַב ","lᵊvav","moyo, mioyo, moyoni, mioyoni, akil",,,,,,,,,,,,
2,"LBWC/","לְבוּשׁ ","lᵊvûš","nguo, mavazi, vazi, chake",,,,,,,,,,,,
3,"LBC[","לבשׁ ","LVŠ",,"vik, vikw, jivi, kuva, amevaa",,,"vik, vikw, jivi, kuva, amevaa",,,,,,,,
3,"LHN","לָהֵן I","lāhēn","ila, tu, lakini, poku, mwingine",,,,,,,,,,,,
7,"LHN=","לָהֵן II","lāhēn","ila, tu, lakini, poku, mwingine",,,,,,,,,,,,
4,"LWJ/","לֵוָי ","lēwāʸ","walawi, mlawi, lawi",,,,,,,,,,,,
1,"LWT","לְוָת ","lᵊwāt","pamoja, kwa, baada, naye, nao",,,,,,,,,,,,
1,"LXM/","לְחֶם ","lᵊḥem","karamu, lish, shib, papa, nyw",,,,,,,,,,,,
3,"LXNH/","לְחֵנָה ","lᵊḥēnāʰ","suri",,,,,,,,,,,,
5,"LJLJ/","לֵילֵי ","lêlê","usiku, na, kuch, jana, pem",,,,,,,,,,,,
7,"LCN/","לִשָּׁן ","liššān","ulim, lugh, ndim, hori, kabari",,,,,,,,,,,,
8,"M>H/","מְאָה ","mᵊʔāʰ","mia, mami, moja",,,,,,,,,,,,
1,"M>ZN>/","מֹאזְנֵא ","mōˀznēˀ","magamba, tekeli, dari",,,,,,,,,,,,
2,"M>MR/","מֵאמַר ","mēˀmar","amur, agiz, amri, agiza, amriw",,,,,,,,,,,,
7,"M>N/","מָאן ","māˀn","vyombo, ila, chombo, kitu, mtungi",,,,,,,,,,,,
1,"MGLH/","מְגִלָּה ","mᵊgillāʰ","tab, gomb, alitoa, uonacho",,,,,,,,,,,,
1,"MGR[","מגר ","MGR",,,,"tup, tupw, angush, tupi, bomo",,,,,,,,,
1,"MDBX/","מַדְבַּח ","madbaḥ","madhabahu, madhabahuni, pale",,,,,,,,,,,,
4,"MDH/","מִדָּה ","middāʰ",,,,,,,,,,,,,
4,"MDWR/","מְדֹור ","mᵊdôr","maka, viot, maskani, kika",,,,,,,,,,,,
5,"MDJ/","מָדַי I","māday","wamedi, umedi, mmedi, maarufu",,,,,,,,,,,,
1,"MDJ=/","מָדַי II","māday","wamedi, umedi, mmedi, maarufu",,,,,,,,,,,,
11,"MDJNH/","מְדִינָה ","mᵊdînāʰ","jimb, miko, mkoa, ila, wal",,,,,,,,,,,,
14,"MH","מָה ","māʰ","nini, gani, mbona, jinsi, je",,,,,,,,,,,,
1,"MWT/","מֹות ","môt","maut, wafu, kufa, kuf, kifo",,,,,,,,,,,,
2,"MZWN/","מָזֹון ","māzôn","chakula, mkat, mikate, vyakula, mawindo",,,,,,,,,,,,
4,"MX>[","מחא ","MḤʔ",,"pig, wau, pigw, mwu, kuwaua",,"pig, wau, pigw, mwu, kuwaua",,,,,"pig, wau, pigw, mwu, kuwaua",,,,
1,"MXLQH/","מַחְלְקָה ","maḥlᵊqāʰ","zamu, fung, kund, gawa, waondoke",,,,,,,,,,,,
8,"MV>[","מטא ","MṬʔ",,"fik, wadi, yachuchumili, umekua, utii",,,,,,,,,,,
1,"MJC>L/","מִישָׁאֵל ","mîšāʔēl","mishaeli",,,,,,,,,,,,
14,"MJCK/","מֵישַׁךְ ","mêšax","meshaki",,,,,,,,,,,,
2,"ML>[","מלא ","MLʔ",,"jaz, timi, taja, imejaa, jazw",,,,,,,"jaz, timi, taja, imejaa, jazw",,,,
2,"ML>K/","מַלְאַךְ ","malʔax","malaika, mjumbe, wajumbe",,,,,,,,,,,,
24,"MLH/","מִלָּה ","millāʰ","neno, maneno, jambo, mambo, bukumb",,,,,,,,,,,,
3,"MLX/","מְלַח ","mᵊlaḥ","chumvi, kole",,,,,,,,,,,,
1,"MLX[","מלח ","MLḤ",,"chumvi, kole",,,,,,,,,,,
180,"MLK/","מֶלֶךְ I","melex","mfalme, wafalme, falm, ufalme, pia",,,,,,,,,,,,
1,"MLK=/","מְלַךְ II","mᵊlax","shaur, ushauri, washauri, mshauri, kusud",,,,,,,,,,,,
2,"MLKH/","מַלְכָּה ","malkāʰ","malkia, yemtend, isif",,,,,,,,,,,,
57,"MLKW/","מַלְכוּ ","malxû","ufalme, falm, kwake, milk, enzi",,,,,,,,,,,,
5,"MLL[","מלל ","MLL",,,,"ambi, akasema, akamwambia, sem, akawaambia",,,,,,,,,
119,"MN","מִן I","min","katika, kutoka, kwa, tangu, toka",,,,,,,,,,,,
10,"MN=","מַן II","man","nani, lait, ambao, taka, aliye",,,,,,,,,,,,
3,"MN>/","מְנֵא ","mᵊnēˀ","fung, mane, darkoni, fedha, mene",,,,,,,,,,,,
4,"MND</","מַנְדַּע ","mandaʕ","maarifa, ujuz, kumjua, elim, kuju",,,,,,,,,,,,
5,"MNH[","מנה ","MNH",,"hesabi, hesab, afikiri, agizi, kwake",,"hesabi, hesab, afikiri, agizi, kwake",,,,,,,,,
2,"MNXH/","מִנְחָה ","minḥāʰ","sadaka, unga, tole, zawadi, fuki",,,,,,,,,,,,
1,"MNJN/","מִנְיָן ","minyān","hesab, idad, hesabi, juml, acha",,,,,,,,,,,,
1,"M<BD/","מַעֲבָד ","maʕᵃvād","kazi, matendo, tend, fany, enda",,,,,,,,,,,,
1,"M<H/","מְעֵה ","mᵊʕēʰ","tumb, tumbon, mimb, ndani, yenito",,,,,,,,,,,,
1,"M<L/","מֶעַל ","meʕal","choo, sichw, kich, kuchwa, uliy",,,,,,,,,,,,
4,"MR>/","מָרֵא ","mārēˀ","bwana, wangu, wakuu, bwan, mwenye",,,,,,,,,,,,
1,"MRD/","מְרַד I","mᵊrad","kuas, waas, was, mwas, nias",,,,,,,,,,,,
2,"MRD=/","מָרָד II","mārād","kuas, waas, was, mwas, nias",,,,,,,,,,,,
1,"MRV[","מרט ","MRṬ",,,"vitawi, wakauchuma, hunyauka, purur, nyonyo",,,,,,,,,,
1,"MCH/","מֹשֶׁה ","mōšeʰ","musa",,,,,,,,,,,,
2,"MCX/","מְשַׁח ","mᵊšaḥ","mafuta, masihi, tiw, pak, pakw",,,,,,,,,,,,
6,"MCKB/","מִשְׁכַּב ","miškav","tand, tandan, godor, lal, malazi",,,,,,,,,,,,
1,"MCKN/","מִשְׁכַּן ","miškan","maka, malisho, maskani, pangon, makazi",,,,,,,,,,,,
4,"MCRWQJ/","מַשְׁרֹוקִי ","mašrôqî","zeze, wapiga, ukuangalie, wimb, tari",,,,,,,,,,,,
1,"MCT>/","מִשְׁתֵּא ","mištēˀ","karamu, lish, shib, papa, nyw",,,,,,,,,,,,
3,"MTNH/","מַתְּנָה ","mattᵊnāʰ","karama, zawadi, paw, sadaka, kuto",,,,,,,,,,,,
1,"NB>[","נבא ","NVʔ",,,,,,,,,,"tabir, nabi, kata, tabiri, watabiri",,,
1,"NBW>H/","נְבוּאָה ","nᵊvûʔāʰ","nabi",,,,,,,,,,,,
31,"NBWKDNYR/","נְבוּכַדְנֶצַּר ","nᵊvûxadneṣṣar","nebukadneza",,,,,,,,,,,,
2,"NBZBH/","נְבִזְבָּה ","nᵊvizbāʰ","hawampatii, aamini, nion",,,,,,,,,,,,
4,"NBJ>/","נְבִיא ","nᵊvîʔ","nabii, manabii, nabi",,,,,,,,,,,,
1,"NBRCH/","נֶבְרְשָׁה ","nevrᵊšāʰ","taa, kinara, vinara, amwinue",,,,,,,,,,,,
1,"NGD/","נֶגֶד ","neged","mbele, kabl, eleke, kabil, machoni",,,,,,,,,,,,
1,"NGD[","נגד ","NGD",,"sonon, chemchemi, itiririkayo, bubuji, jit",,,,,,,,,,,
1,"NGH/","נְגַהּ ","nᵊgah","anga, pak, angaz, ving'aavyo, ung'aao",,,,,,,,,,,,
4,"NDB[","נדב ","NDV",,,,,,,,,,"kubal, radh, hiar, tak, kata",,,
2,"NDBK/","נִדְבָּךְ ","nidbāx","mipy",,,,,,,,,,,,
1,"NDD[","נדד ","NDD",,"kimbi, kimbili, mbili, kimbiz, mbi",,,,,,,,,,,
1,"NDNH/","נִדְנֶה ","nidneʰ","alan, chonip",,,,,,,,,,,,
1,"NHWR/","נְהֹור ","nᵊhôr","nuru, wang, mianga, taa, pambazuk, imo, inakaa",,,,,,,,,,,,
2,"NHJRW/","נַהִירוּ ","nahîrû","nuru, wang, mianga, taa, pambazuk, imo, inakaa",,,,,,,,,,,,
15,"NHR/","נְהַר ","nᵊhar","mto, mito, jit, mton, maji",,,,,,,,,,,,
1,"NWD[","נוד ","NWD",,"kimbi, kimbili, mbili, kimbiz, mbi",,,,,,,,,,,
3,"NWLW/","נְוָלוּ ","nᵊwālû","jaa, nuliw",,,,,,,,,,,,
17,"NWR/","נוּר ","nûr","moto, motoni, tekete, teketez, kisha",,,,,,,,,,,,
4,"NZQ[","נזק ","NZQ",,"jerah, pig, uuaj, pigo, yake",,,"jerah, pig, uuaj, pigo, yake",,,,,,,,
9,"NXC/","נְחָשׁ ","nᵊḥāš","shab, ping, vikalio",,,,,,,,,,,,
6,"NXT[","נחת ","NḤT",,"shuk, terem, teremki, yangu, peny",,,"shuk, terem, teremki, yangu, peny","shuk, terem, teremki, yangu, peny",,"shuk, terem, teremki, yangu, peny",,,,,
2,"NVL[","נטל ","NṬL",,"chuku, inu, huku, yake, inuli","chuku, inu, huku, yake, inuli",,,,,,,,,,
1,"NVR[","נטר ","NṬR",,"shik, lind, ishi, tunz, zangu",,,,,,,,,,,
2,"NJXWX/","נִיחֹוחַ ","nîḥôₐḥ","pendez, pendeza, harufu, soges",,,,,,,,,,,,
2,"NKS/","נְכַס ","nᵊxas","mali, jir, tele, hutwaa, huwa",,,,,,,,,,,,
1,"NMR/","נְמַר ","nᵊmar","chui, ozoe",,,,,,,,,,,,
1,"NSX[","נסח ","NSḤ",,,,,,,,,"vutw, ng'ole, nyakuli, mwopo, atakunyakua",,,,
1,"NSK/","נְסַךְ ","nᵊsax","nywaj, nywe, mimin, yush, mbik",,,,,,,,,,,,
1,"NSK[","נסך ","NSX",,,,"mwag, mwagi, mimi, umwa, wag",,,,,,,,,
11,"NPL[","נפל ","NFL",,"anguk, anguki, angush, pig, nao",,,,,,,,,,,
11,"NPQ[","נפק ","NFQ",,"twa, itwa, poke, chuku, katw",,,"twa, itwa, poke, chuku, katw",,,,,,,,
2,"NPQH/","נִפְקָה ","nifqāʰ","gharama",,,,,,,,,,,,
1,"NYBH/","נִצְבָּה ","niṣbāʰ","imar, uthabiti, halina, thabiti, chokul",,,,,,,,,,,,
1,"NYX[","נצח ","NṢḤ",,,,,,,,,,"mwimbishaji, chukuli, mtindo, hedaya, wenye",,,
3,"NYL[","נצל ","NṢL",,,,,"oko, sali, pony, uniponye, uniokoe",,,,,,,,
1,"NQ>/","נְקֵא ","nᵊqēˀ","safi, taka, usaf, chaguli, kat",,,,,,,,,,,,
1,"NQC[","נקשׁ ","NQŠ",,"bish, bisha, bisheni, gongan, fululi",,,,,,,,,,,
3,"NF>[","נשׂא ","NŚʔ",,"chuku, chukuli, chukulia, beb, mtoe",,,,,,,,"chuku, chukuli, chukulia, beb, mtoe",,,
1,"NCJN/","נְשִׁין ","nᵊšîn","tund",,,,,,,,,,,,
1,"NCMH/","נִשְׁמָה ","nišmāʰ","pumz, pulizi, fukuti, hakosi, tamk",,,,,,,,,,,,
2,"NCR/","נְשַׁר ","nᵊšar","tai, mwew, manyoya, ruka, furukombe",,,,,,,,,,,,
3,"NCTWN/","נִשְׁתְּוָן ","ništᵊwān","baru, waraka, nyaraka, nipewe",,,,,,,,,,,,
1,"NTJN/","נְתִין ","nᵊtîn","hekal, hekaluni, wanethini, jumb, nyumba",,,,,,,,,,,,
7,"NTN[","נתן ","NTN",,"wap, pew, wek, akampa, wati",,,,,,,,,,,
1,"NTR[","נתר ","NTR",,,,,,"mvu, chun, shambuli, kuvu, kuteka",,,,,,,
1,"SBL[","סבל ","SVL",,,,"let, lete, chuku, mleteni, ile",,,,,,,,,
1,"SBR[","סבר ","SVR",,"azim",,,,,,,,,,,
12,"SGD[","סגד ","SGD",,"abud, yoisimami, sujudi, poisujudi, santuri",,,,,,,,,,,
5,"SGN/","סְגַן ","sᵊgan","ofis, wakuu, mkuu, watumishi, hakim",,,,,,,,,,,,
1,"SGR[","סגר ","SGR",,"fungw, fung, fungi, vya, muda",,,,,,,,,,,
3,"SWMPNJH/","סוּמְפֹּנְיָה ","sûmpōnᵊyāʰ","zaburi, zeze, muziki, ala, nand",,,,,,,,,,,,
5,"SWP/","סֹוף ","sôf","mwisho, baada, batili, miisho, hapana",,,,,,,,,,,,
2,"SWP[","סוף ","SWF",,"timi, timiz, jaz, timili, kamili",,,"timi, timiz, jaz, timili, kamili",,,,,,,,
8,"SLQ[","סלק ","SLQ",,"pand, kwe, pandi, kutoka, let, twa, itwa, poke, chuku, katw",,,"pand, kwe, pandi, kutoka, let, twa, itwa, poke, chuku, katw",,,"pand, kwe, pandi, kutoka, let, twa, itwa, poke, chuku, katw",,,,,
1,"S<D[","סעד ","SʕD",,,,"wek, thibiti, imar, tayari, tegeme",,,,,,,,,
5,"SPR/","סְפַר I","sᵊfar","tab, baru, hati, waraka, tabu",,,,,,,,,,,,
6,"SPR=/","סָפַר II","sāfar","waandishi, mwandishi",,,,,,,,,,,,
2,"SRBL/","סַרְבָּל ","sarbāl","nguo, mavazi, vazi, suruali, avue",,,,,,,,,,,,
5,"SRK/","סָרַךְ ","sārax","jumb, mkuu, kamand, wakuu, ongoz",,,,,,,,,,,,
1,"STR=[","סתר II","STR",,"fich, siri, sitiri, mbali, tiri, anga, harib, pote, haribik, ukiwa",,,,,,,,,,,
1,"STR[","סתר I","STR",,,,"fich, siri, sitiri, mbali, tiri, anga, harib, pote, haribik, ukiwa",,,,,,,,,
7,"<BD/","עֲבֵד ","ʕᵃvēd","watumishi, mtumishi, tumiki, mtumwa, utumishi",,,,,,,,,,,,
28,"<BD[","עבד ","ʕVD",,"fany, tend, fanyi, akafanya, kufanya",,,,,,,"fany, tend, fanyi, akafanya, kufanya",,,,
14,"<BD_NGW/","עֲבֵד נְגֹו ","ʕᵃvēd nᵊgô","abednego",,,,,,,,,,,,
6,"<BJDH/","עֲבִידַה ","ʕᵃvîdah","tumiki, kuhan, hudumi, hudum, ibad",,,,,,,,,,,,
14,"<BR/","עֲבַר ","ʕᵃvar","ng'ambo, upande, pit, pande, kuwak",,,,,,,,,,,,
35,"<D","עַד ","ʕad","hata, hadi, mpaka, wake, fiki",,,,,,,,,,,,
9,"<DH[","עדה ","ʕDH",,"pit, vuk, pita, piti, endele",,,"pit, vuk, pita, piti, endele",,,,,,,,
2,"<DW>/","עִדֹּוא ","ʕiddôʔ","ido",,,,,,,,,,,,
13,"<DN/","עִדָּן ","ʕiddān","wakati, nyakati, muda, jir, aman",,,,,,,,,,,,
1,"<WD/","עֹוד ","ʕôd","tena, bado, alipokuwa, sasa, mwingine",,,,,,,,,,,,
1,"<WJH/","עֲוָיָה ","ʕᵃwāyāʰ",,,,,,,,,,,,,
2,"<WP/","עֹוף ","ʕôf","ndeg, angani, baw, shomor, mbayuwayu",,,,,,,,,,,,
1,"<WR/","עוּר ","ʕûr","makapi, peperush, yapeperushwayo, mtazaa",,,,,,,,,,,,
1,"<Z/","עֵז ","ʕēz","mbuz, beber, mwit",,,,,,,,,,,,
2,"<ZQH/","עִזְקָה ","ʕizqāʰ","pete, kuk, mhur, herini, mihuri",,,,,,,,,,,,
3,"<ZR>/","עֶזְרָא ","ʕezrāˀ","ezra",,,,,,,,,,,,
1,"<ZRJH/","עֲזַרְיָה ","ʕᵃzaryāʰ","azaria, uzia, seraya, uziaf",,,,,,,,,,,,
1,"<VH/","עֵטָה ","ʕēṭāʰ","shaur, ushauri, washauri, mshauri, kusud",,,,,,,,,,,,
5,"<JN/","עַיִן ","ʕayin","macho, machoni, jich, mbele, kuwa",,,,,,,,,,,,
3,"<JR/","עִיר ","ʕîr","mlinzi, lind, walinzi, shik, angali",,,,,,,,,,,,
104,"<L","עַל ","ʕal","juu, kwa, katika, yake, wake",,,,,,,,,,,,
1,"<L>","עֵלָּא ","ʕēllāˀ","ajili, juu, zaidi, kuliko, zid",,,,,,,,,,,,
3,"<LH/","עִלָּה ","ʕillāʰ","ndef, shitak, mjuavyo, viziavizi, choku",,,,,,,,,,,,
1,"<LWH/","עַלְוָה ","ʕalwāʰ","kuteketezwa, sadaka, moto, kafar, songez",,,,,,,,,,,,
10,"<LJ/","עִלָּי I","ʕillāʸ","juu, aliye, mref, kimo, uref",,,,,,,,,,,,
1,"<LJ=/","עִלִּי II","ʕillî","dari, darini, dar, paa, mbav",,,,,,,,,,,,
4,"<LJWN/","עֶלְיֹון ","ʕelyôn","juu, aliye, mref, kimo, uref",,,,,,,,,,,,
14,"<LL[","עלל ","ʕLL",,"ingi, tok, let, kuj, fik",,,"ingi, tok, let, kuj, fik",,,"ingi, tok, let, kuj, fik",,,,,
20,"<LM/","עָלַם ","ʕālam","milele, daim, aman, kale, zot",,,,,,,,,,,,
1,"<LMJ/","עֵלָמִי ","ʕēlāmî","elamu, waelami",,,,,,,,,,,,
1,"<L</","עֲלַע ","ʕᵃlaʕ","upande, ubav, mbavuni, pemb, ubavuni",,,,,,,,,,,,
22,"<M","עִם ","ʕim","pamoja, kwa, baada, naye, nao",,,,,,,,,,,,
15,"<M/","עַם ","ʕam","watu, mataifa, taifa, waende, kabila",,,,,,,,,,,,
1,"<MJQ/","עַמִּיק ","ʕammîq","lind, sana, lindin, fumb, kina",,,,,,,,,,,,
1,"<MR/","עֲמַר ","ʕᵃmar","sufu, kondoo, nawa",,,,,,,,,,,,
1,"<NH/","עֲנֵה ","ʕᵃnēʰ","maskini, wanyenyekevu, wanyonge, upol, mnyonge",,,,,,,,,,,,
30,"<NH[","ענה ","ʕNH",,"jib, akajibu, itiki, shuhudi, itik",,,,,,,,,,,
1,"<NN/","עֲנָן ","ʕᵃnān","wing, wingun, giza, nene, mbinguni",,,,,,,,,,,,
4,"<NP/","עֲנַף ","ʕᵃnaf","taw, mwanzi, tawi, chipukiz, mianzi",,,,,,,,,,,,
1,"<NC/","עֲנָשׁ ","ʕᵃnāš","tajir, mali, jir, wing, unon",,,,,,,,,,,,
3,"<PJ/","עֳפִי ","ʕᵒfî","taw, mwanzi, tawi, chipukiz, mianzi",,,,,,,,,,,,
1,"<YJB/","עֲצִיב ","ʕᵃṣîv",,,,,,,,,,,,,
3,"<QR/","עִקַּר ","ʕiqqar","shin, mizizi, sik, umzunguke, poza",,,,,,,,,,,,
1,"<QR[","עקר ","ʕQR",,,,,,,,,,,,"ng'o, ng'ole, mizizi, yang'o, wang'o",
1,"<R/","עָר ","ʕār","adui, watesi, mtes, chukia, wale",,,,,,,,,,,,
4,"<RB[","ערב ","ʕRV",,,,"anga, changany, lain, nyik, mzit",,,,,,"anga, changany, lain, nyik, mzit",,,
1,"<RD/","עֲרָד ","ʕᵃrād","pund, nyumbu",,,,,,,,,,,,
1,"<RWH/","עַרְוָה ","ʕarwāʰ","aibu, fedheha, hayar, aibish, heshima",,,,,,,,,,,,
5,"<FB/","עֲשַׂב ","ʕᵃśav","nond, mdud, jan, nyas, mororo, mibichi, lanyauka",,,,,,,,,,,,
6,"<FR/","עֲשַׂר ","ʕᵃśar",,,,,,,,,,,,,
1,"<FRJN/","עֶשְׂרִין ","ʕeśrîn","ishirini",,,,,,,,,,,,
1,"<CT[","עשׁת ","ʕŠT",,"tak, pend, kusudi, shaur, azim",,,,,,,,,,,
1,"<TJD/","עֲתִיד ","ʕᵃtîd","tayari, tengenezw, upo, zite, anda",,,,,,,,,,,,
3,"<TJQ/","עַתִּיק ","ʕattîq","kale, aman, mzee",,,,,,,,,,,,
10,"PXH/","פֶּחָה ","peḥāʰ","wal, hesab, tirshatha, mkoa, wakuu",,,,,,,,,,,,
1,"PXR/","פֶּחָר ","peḥār","mfinyanzi, vyozio",,,,,,,,,,,,
1,"PVC/","פְּטַשׁ ","pᵊṭaš","nyundo, joh",,,,,,,,,,,,
1,"PLG/","פְּלַג ","pᵊlag","nusu, katikati, sehemu, manane, peresi",,,,,,,,,,,,
1,"PLG[","פלג ","PLG",,"gawa, gawany, gawi, fitini, gaw",,,,,,,,,,,
1,"PLGH/","פְּלֻגָּה ","pᵊluggāʰ","zamu, fung, kund, gawa, waondoke",,,,,,,,,,,,
10,"PLX[","פלח ","PLḤ",,"tumiki, kuhan, hudumi, hudum, ibad",,,,,,,,,,,
1,"PLXN/","פָּלְחָן ","pālḥān","tumiki, kuhan, hudumi, hudum, ibad",,,,,,,,,,,,
6,"PM/","פֻּם ","pum","kinywa, vinywa, nywan, lile, ribu",,,,,,,,,,,,
2,"PS/","פַּס ","pas","mkono, mikono, mkononi, mikononi, kwa",,,,,,,,,,,,
4,"PSNTRJN/","פְּסַנְתֵּרִין ","pᵊsantērîn","nub, nand, ustadi, futie",,,,,,,,,,,,
20,"PRZL/","פַּרְזֶל ","parzel","chum, minyororo",,,,,,,,,,,,
6,"PRS/","פָּרַס I","pāras","mwajemi",,,,,,,,,,,,
2,"PRS=/","פְּרֵס II","pᵊrēs","gawa, gawany, gawi, fitini, gaw, nusu, katikati, sehemu, manane, peresi",,,,,,,,,,,,
1,"PRS[","פרס ","PRS",,,"gawa, gawany, gawi, fitini, gaw, nusu, katikati, sehemu, manane, peresi",,,,,,,,,,
1,"PRSJ/","פַּרְסָי ","parsāʸ","mwajemi",,,,,,,,,,,,
1,"PRQ[","פרק ","PRQ",,"vunj, vunjik, pasu, vunja, meg",,,,,,,,,,,
1,"PRC[","פרשׁ ","PRŠ",,,,"onyw, idhihiri, elez, elew, tetemesh",,,,,,,,,
3,"PRCGN/","פַּרְשֶׁגֶן ","paršegen",,,,,,,,,,,,,
31,"PCR/","פְּשַׁר ","pᵊšar","fsir, fasir, fasiri, elez, wafasiri",,,,,,,,,,,,
2,"PCR[","פשׁר ","PŠR",,"fsir, fasir, fasiri, elez, wafasiri",,"fsir, fasir, fasiri, elez, wafasiri",,,,,,,,,
6,"PTGM/","פִּתְגָם ","pitgām","jawabu, majibu, jibu, kusud, ripoti",,,,,,,,,,,,
2,"PTX[","פתח ","PTḤ",,"fumbu, funu, fung, fungu, funguliw","fumbu, funu, fung, fungu, funguliw",,,,,,,,,,
2,"PTJ/","פְּתָי ","pᵊtāʸ",,,,,,,,,,,,,
10,"YBH[","צבה ","ṢVH",,"omp, hump",,,,,,,,,,,
1,"YBW/","צְבוּ ","ṣᵊvû","lolote, rajiwa, wez, shtaka, athubutuje",,,,,,,,,,,,
5,"YB<[","צבע ","ṢVʕ",,,,"low, ache, darizi, lazimish",,,,,,"low, ache, darizi, lazimish",,,
2,"YD/","צַד ","ṣad","upande, ubav, mbavuni, pemb, ubavuni",,,,,,,,,,,,
1,"YD>","צְדָא ","ṣᵊdāˀ","kusud, akaila, fikira, aitaye, tuju",,,,,,,,,,,,
1,"YDQH/","צִדְקָה ","ṣidqāʰ","haki, kweli, mema, sawasawa, sheria",,,,,,,,,,,,
3,"YW>R/","צַוַּאר ","ṣawwaˀr","shingo, shingoni, sog, wanipe, hutaki",,,,,,,,,,,,
2,"YLH[","צלה ","ṢLH",,,,,,,,,,,,,
4,"YLX[","צלח ","ṢLḤ",,,,,"fanikiw, faniki, sita, stareh, raha",,,,,,,,
17,"YLM/","צְלֵם ","ṣᵊlēm","sanamu, mfano, chap, sura, swir",,,,,,,,,,,,
1,"YPJR/","צְפִיר ","ṣᵊfîr","mbuz, beber, mwit",,,,,,,,,,,,
4,"YPR/","צִפַּר ","ṣippar","ndeg, angani, baw, shomor, mbayuwayu",,,,,,,,,,,,
29,"QBL/","קֳבֵל ","qᵒvēl","mbele, kabl, eleke, kabil, machoni",,,,,,,,,,,,
3,"QBL[","קבל ","QVL",,,,"poke, karibish, kubal, twaa, waka",,,,,,,,,
13,"QDJC/","קַדִּישׁ ","qaddîš","mtakatifu, taka, takatif, patakatifu, opendez",,,,,,,,,,,,
42,"QDM/","קֳדָם ","qᵒdām","mbele, kabl, eleke, kabil, machoni",,,,,,,,,,,,
2,"QDMH/","קַדְמָה ","qadmāʰ","hali, yapata, yanyaukayo, akae, hayajamea",,,,,,,,,,,,
3,"QDMJ/","קַדְמָי ","qadmāʸ","kwanza, anz, mwanzo, limbuk, aman",,,,,,,,,,,,
35,"QWM[","קום ","QWM",,"simam, wek, simami, amen, simama",,"simam, wek, simami, amen, simama","simam, wek, simami, amen, simama","simam, wek, simami, amen, simama",,"simam, wek, simami, amen, simama",,,,,
7,"QVL[","קטל ","QṬL",,"huwaua, wauawe, ungewaua, niu, shak","huwaua, wauawe, ungewaua, niu, shak","huwaua, wauawe, ungewaua, niu, shak",,,,,"huwaua, wauawe, ungewaua, niu, shak","huwaua, wauawe, ungewaua, niu, shak",,,
3,"QVR/","קְטַר ","qᵊṭar","ung, fumb, fuaw, lainisha",,,,,,,,,,,,
1,"QJV/","קַיִט ","qayiṭ","joto, wakati, mavuno, chumeni",,,,,,,,,,,,
2,"QJM/","קַיָּם I","qayyām","huzuni, ili, chukulia, vumili, stahimil",,,,,,,,,,,,
2,"QJM=/","קְיָם II","qᵊyām","amri, sheria, haki, amriw, posh",,,,,,,,,,,,
7,"QL/","קָל ","qāl","sauti, pig, mshindo, kelel, ngurumo",,,,,,,,,,,,
1,"QNH[","קנה ","QNH",,"nunu, nunuli, tununue, nunua, jinunu",,,,,,,,,,,
1,"QYP/","קְצַף ","qᵊṣaf","ghadhabu, hasira, kasirik, yakasiriki, yaondoke",,,,,,,,,,,,
1,"QYP[","קצף ","QṢF",,"kali, ghadhabu, hasira, kasirik, waka",,,,,,,,,,,
1,"QYY[","קצץ ","QṢṢ",,,,"mbali, fany, kat, tili, teng",,,,,,,,,
3,"QYT/","קְצָת ","qᵊṣāt","mwisho, ncha, miisho, upande, mpaka",,,,,,,,,,,,
11,"QR>[","קרא ","QRʔ",,"som, soma, somw, afahamu, torati","som, soma, somw, afahamu, torati",,,,,,"som, soma, somw, afahamu, torati",,,,
1,"QRB/","קְרָב ","qᵊrāv","vita, juhudi, rung, kufanya, tishw",,,,,,,,,,,,
9,"QRB[","קרב ","QRV",,"karibi, karibu, ende, let, lete",,"karibi, karibu, ende, let, lete","karibi, karibu, ende, let, lete",,,,,,,,
9,"QRJH/","קִרְיָה ","qiryāʰ","mji, miji, mjin, mijini, weny",,,,,,,,,,,,
14,"QRN/","קֶרֶן ","qeren","pemb, ngom, imarish, zangu, nimwimbie",,,,,,,,,,,,
2,"QRY/","קְרַץ ","qᵊraṣ","shitak, shitaki",,,,,,,,,,,,
2,"QCV/","קְשֹׁט ","qᵊšōṭ","kweli, amini, hakika, kwel, iliyo",,,,,,,,,,,,
4,"QTRS/","קַתְרֹס ","qatrōs","nub, nand, ustadi, futie",,,,,,,,,,,,
14,"R>C/","רֵאשׁ ","rēˀš","kichwa, vichwa, chwan, wakuu, mkuu",,,,,,,,,,,,
19,"RB/","רַב I","rav","kubw, kubwa, mkuu, kuu, maku",,,,,,,,,,,,
4,"RB=/","רַב II","rav","kubw, kubwa, mkuu, kuu, maku",,,,,,,,,,,,
6,"RBH[","רבה ","RVH",,"mafuta, nenep, non, kuku, zid",,"mafuta, nenep, non, kuku, zid",,,,,,,,,
5,"RBW/","רְבוּ I","rᵊvû","kubw, kubwa, mkuu, kuu, maku",,,,,,,,,,,,
2,"RBW=/","רִבֹּו II","ribbô","elfu, makumi, maelfu, kimbiza, waalimu",,,,,,,,,,,,
6,"RBJ<J/","רְבִיעָי ","rᵊvîʕāʸ","nne, wann, minn, mann, vinn",,,,,,,,,,,,
8,"RBRBNJN/","רַבְרְבָנִין ","ravrᵊvānîn","wakuu, wenye, mkuu, waungwana, muungwana",,,,,,,,,,,,
1,"RGZ/","רְגַז ","rᵊgaz","ghadhabu, hasira, ukal, sumu, chafu",,,,,,,,,,,,
1,"RGZ[","רגז ","RGZ",,,,,"kali, ghadhabu, hasira, kasirik, waka",,,,,,,,
7,"RGL/","רְגַל ","rᵊgal","miguu, mguu, miguuni, nyay, fuat",,,,,,,,,,,,
3,"RGC[","רגשׁ ","RGŠ",,,,,"mkutano, kuta, jami, wing, watu",,,,,,,,
2,"RW/","רֵו ","rēw","onekan, uso, maon, mfano, sura",,,,,,,,,,,,
11,"RWX/","רוּחַ ","rûₐḥ","roho, upep, pepo, pumz, rohoni",,,,,,,,,,,,
5,"RWM/","רוּם ","rûm","juu, aliye, mref, kimo, uref",,,,,,,,,,,,
4,"RWM[","רום ","RWM",,"pem, amk, chomo, zuki, asubuhi",,"pem, amk, chomo, zuki, asubuhi","pem, amk, chomo, zuki, asubuhi",,,,,"pem, amk, chomo, zuki, asubuhi",,,
9,"RZ/","רָז ","rāz","siri, atufungulie, tuinene",,,,,,,,,,,,
4,"RXWM/","רְחוּם ","rᵊḥûm","rehumu, harimu",,,,,,,,,,,,
1,"RXJQ/","רַחִיק ","raḥîq","mbali, iliyo, yokuj, mlio, nafasi",,,,,,,,,,,,
1,"RXMJN/","רַחֲמִין ","raḥᵃmîn","rehema, huruma, rehem, huru, unirehemu",,,,,,,,,,,,
1,"RXY[","רחץ ","RḤṢ",,,,,,,,,"amin, tumain, amini, sadik, tumaini",,,,
1,"RJX/","רֵיחַ ","rêₐḥ","harufu, nuka, nus, hawanusi, dini",,,,,,,,,,,,
12,"RMH[","רמה ","RMH",,"tup, tupw, angush, tupi, bomo","tup, tupw, angush, tupi, bomo",,,,,,"tup, tupw, angush, tupi, bomo",,,,
2,"R<W/","רְעוּ ","rᵊʕû","sasa, fadhal, kusih, omb, basi",,,,,,,,,,,,
6,"R<JWN/","רַעְיֹון ","raʕyôn","waz, busara, fikira, mna, jivikeni",,,,,,,,,,,,
1,"R<NN/","רַעְנַן ","raʕnan","hayampasi, neeme, utoa, panueni, zoja",,,,,,,,,,,,
2,"R<<[","רעע ","Rʕʕ",,"vunj, vunjik, pasu, vunja, meg",,"vunj, vunjik, pasu, vunja, meg",,,,,,,,,
2,"RPS[","רפס ","RFS",,"kanya, waka, amka, kwa, taka",,,,,,,,,,,
7,"RCM[","רשׁם ","RŠM",,"ishara, lil, alam, sahihi","ishara, lil, alam, sahihi",,,,,,,,,,
6,"C>L[","שׁאל ","ŠʔL",,"uliz, omb, tak, omba, uliza",,,,,,,,,,,
1,"C>LH/","שְׁאֵלָה ","šᵊʔēlāʰ","habari, vile, niiulizie, zen, keza",,,,,,,,,,,,
1,"C>LTJ>L/","שְׁאַלְתִּיאֵל ","šᵊʔaltîʔēl","shealtieli, shealueli",,,,,,,,,,,,
12,"C>R/","שְׁאָר ","šᵊʔār","sali, bak, wengine, baki, mabaki",,,,,,,,,,,,
5,"FB/","שָׂב ","śāv","wazee, mzee, mvi, kale, uzee",,,,,,,,,,,,
5,"CBX[","שׁבח ","ŠVḤ",,,,"shukur, barik, mshukuruni, sif, bariki",,,,,,,,,
1,"CBV/","שְׁבַט ","šᵊvaṭ","kabila, fimb, kabil, gong, tegemeo",,,,,,,,,,,,
2,"CBJB/","שְׁבִיב ","šᵊvîv","mial, mual, moto, mwal, liku",,,,,,,,,,,,
4,"FBK>/","שַׂבְּכָא ","śabbᵊxāˀ","zaburi, zeze, muziki, ala, nand",,,,,,,,,,,,
6,"CB</","שְׁבַע ","šᵊvaʕ","saba",,,,,,,,,,,,
5,"CBQ[","שׁבק ","ŠVQ",,"ach, kan, achw, ondok, acha",,,,,,,"ach, kan, achw, ondok, acha",,,,
1,"CBC[","שׁבשׁ ","ŠVŠ",,,,,,,,,,"shak, fadhai, fadhaa, wakiwa, ngiw",,,
3,"FG>[","שׂגא ","ŚGʔ",,"mafuta, nenep, non, kuku, zid",,,,,,,,,,,
13,"FGJ>/","שַׂגִּיא ","śaggîʔ","kubw, kubwa, mkuu, kuu, maku",,,,,,,,,,,,
3,"CGL/","שֵׁגַל ","šēgal","malkia, yemtend, isif",,,,,,,,,,,,
1,"CDR[","שׁדר ","ŠDR",,,,,,,,,,"chw, shinda, zichunguzwe, hizo",,,
14,"CDRK/","שַׁדְרַךְ ","šadrax","shadraka",,,,,,,,,,,,
1,"FHDW/","שָׂהֲדוּ ","śāhᵃdû","sipo, yegarsahadutha",,,,,,,,,,,,
2,"CWH[","שׁוה ","ŠWH",,,,"kama, mfano, fanan, umbo, fananish",,,,,,"kama, mfano, fanan, umbo, fananish",,,
3,"CWR/","שׁוּר ","šûr","ukut, kuta, ziz, juu, boma",,,,,,,,,,,,
1,"CWCNKJ/","שׁוּשַׁנְכָי ","šûšanxāʸ","washushani",,,,,,,,,,,,
3,"CXT[","שׁחת ","ŠḤT",,"eoz, kosa, iwapasayo, ukaj, sembuse",,,,,,,,,,,
1,"FVR/","שְׂטַר ","śᵊṭar","upande, ubav, mbavuni, pemb, ubavuni",,,,,,,,,,,,
26,"FJM[","שׂים ","ŚYM",,,,,,,,,,,,,
18,"CKX[","שׁכח ","ŠXḤ",,,,,"onekan, pat, kut, won, mwon",,,,"onekan, pat, kut, won, mwon",,,,
1,"FKL[","שׂכל ","ŚXL",,,,,,,,,,"iigeni",,,
3,"FKLTNW/","שָׂכְלְתָנוּ ","śāxlᵊtānû","ufahamu",,,,,,,,,,,,
2,"CKN[","שׁכן ","ŠXN",,"wakaao, oka, akakaa, kuka, mkaa",,"wakaao, oka, akakaa, kuka, mkaa",,,,,,,,,
1,"CLH/","שְׁלֵה ","šᵊlēʰ","fanikiw, faniki, sita, stareh, raha",,,,,,,,,,,,
4,"CLW/","שָׁלוּ ","šālû","nywele, lege, kataa, usinidanganye, puuz, anga, upotevu, kosa, acha, unitakase",,,,,,,,,,,,
1,"CLWH/","שְׁלֵוָה ","šᵊlēwāʰ","fanikiw, faniki, sita, stareh, raha",,,,,,,,,,,,
14,"CLX[","שׁלח ","ŠLḤ",,"tum, pelek, nitu, ruhusa, nyosh","tum, pelek, nitu, ruhusa, nyosh",,,,,,,,,,
7,"CLV[","שׁלט ","ŠLṬ",,"wakuu, kamand, mkuu, wal, tawal",,,"wakuu, kamand, mkuu, wal, tawal",,,,,,,,
14,"CLVN/","שָׁלְטָן I","šālṭān","mamlaka, wal, uwez, milk, himaya",,,,,,,,,,,,
2,"CLVN=/","שִׁלְטֹן II","šilṭōn","wal, hesab, tirshatha, mkoa, wakuu",,,,,,,,,,,,
10,"CLJV/","שַׁלִּיט ","šallîṭ","wakuu, kamand, mkuu, wal, tawal",,,,,,,,,,,,
4,"CLM/","שְׁלָם ","šᵊlām","amani, salama, jamb, salim, habari",,,,,,,,,,,,
3,"CLM[","שׁלם ","ŠLM",,"maliz, timi, alizi, yatimi, aliona",,,"maliz, timi, alizi, yatimi, aliona",,,,,,,,
12,"CM/","שֻׁם ","šum","jina, lake, majina, itw, sifa",,,,,,,,,,,,
1,"CMD[","שׁמד ","ŠMD",,,,,"anga, harib, pote, haribik, ukiwa",,,,,,,,
38,"CMJN/","שְׁמַיִן ","šᵊmayin","mbinguni, mbingu, mweng, toka, biri",,,,,,,,,,,,
1,"CMM[","שׁמם ","ŠMM",,,,,,,,,,,,,"anga, harib, pote, haribik, ukiwa"
9,"CM<[","שׁמע ","ŠMʕ",,"siki, sikiliz, kien, lize, habari",,,,,,,,"siki, sikiliz, kien, lize, habari",,,
2,"CMRJN/","שָׁמְרָיִן ","šāmrāyin","samaria, wasamaria, msamaria",,,,,,,,,,,,
1,"CMC/","שְׁמַשׁ ","šᵊmaš","jua, kuchwa, hadharani, yako, wachwe",,,,,,,,,,,,
1,"CMC[","שׁמשׁ ","ŠMŠ",,,,"tumiki, kuhan, hudumi, hudum, ibad",,,,,,,,,
4,"CMCJ/","שִׁמְשַׁי ","šimšay","shimshai",,,,,,,,,,,,
3,"CN/","שֵׁן ","šēn","meno, pemb, jino, lim, malazi",,,,,,,,,,,,
1,"FN>[","שׂנא ","ŚNʔ",,"chuki, chukia, chuk, pend, chukiz",,,,,,,,,,,
7,"CNH/","שְׁנָה I","šᵊnāʰ","miaka, mwaka, pit, kwako, umri",,,,,,,,,,,,
1,"CNH=/","שְׁנָה II","šᵊnāʰ","ngiz, lal, sinzi, ngizi, nzia",,,,,,,,,,,,
21,"CNH[","שׁנה ","ŠNH",,"badili, badil, geuz, mbali, geuge",,"badili, badil, geuz, mbali, geuge","badili, badil, geuz, mbali, geuge",,,,,,,,"badili, badil, geuz, mbali, geuge"
5,"C<H/","שָׁעָה ","šāʕāʰ","dakika, angali, amka, macho, ghafla",,,,,,,,,,,,
3,"F<R/","שְׂעַר ","śᵊʕar","nywele, nywe, sing, malaika, manyoya",,,,,,,,,,,,
1,"CPV[","שׁפט ","ŠFṬ",,"hukum, waamuzi, mwamuzi, amu, hukumu",,,,,,,,,,,
2,"CPJR/","שַׁפִּיר ","šappîr","alika",,,,,,,,,,,,
1,"CPL/","שְׁפַל ","šᵊfal","chini, shush, ingi, mnyenyekevu, duni",,,,,,,,,,,,
4,"CPL[","שׁפל ","ŠFL",,,,,"chini, shush, ingi, mnyenyekevu, duni",,,,,,,,
3,"CPR[","שׁפר ","ŠFR",,"kubal, kubali, shitak, pendez, kibali",,,,,,,,,,,
1,"CPRPR/","שְׁפַרְפָּר ","šᵊfarpār","alfajiri, asubuhi, amba, pambazuk, anz",,,,,,,,,,,,
1,"CQ/","שָׁק ","šāq","miguu, mguu, paja, vikali, kimbia",,,,,,,,,,,,
6,"CRH[","שׁרה ","ŠRH",,"fungu, funguliw, lege, fumuli, mfungueni",,"fungu, funguliw, lege, fumuli, mfungueni",,,,,,"fungu, funguliw, lege, fumuli, mfungueni",,,
3,"CRC/","שְׁרֹשׁ ","šᵊrōš","shin, mizizi, sik, umzunguke, poza",,,,,,,,,,,,
1,"CRCJ/","שְׁרֹשִׁי ","šᵊrōšî","ng'o, ng'ole, mizizi, yang'o, wang'o",,,,,,,,,,,,
2,"CCBYR/","שֵׁשְׁבַּצַּר ","šēšᵊbaṣṣar","sheshbaza",,,,,,,,,,,,
2,"CT/","שֵׁת ","šēt","sita, sitini",,,,,,,,,,,,
5,"CTH[","שׁתה ","ŠTH",,"nywaj, nyw, ili, vinywe, dumi",,,,,,,,,,,
4,"CTJN/","שִׁתִּין ","šittîn","sitini, ofa",,,,,,,,,,,,
4,"CTR_BWZNJ/","שְׁתַר בֹּוזְנַי ","šᵊtar bôznay","shethar-bozenai",,,,,,,,,,,,
1,"TBR[","תבר ","TVR",,"vunj, vunjik, pasu, vunja, meg",,,,,,,,,,,
1,"TGMWL/","תַּגְמוּל ","tagmûl","onitende",,,,,,,,,,,,
2,"TDJR/","תְּדִיר ","tᵊdîr","daim, zot, zote, dum, sadaka",,,,,,,,,,,,
8,"TWB[","תוב ","TWV",,"rud, rudi, rudish, reje, tena",,,"rud, rudi, rudish, reje, tena",,,,,,,,
1,"TWH[","תְּוַהּ ","TWH",,"jerah, pig, uuaj, pigo, yake",,,,,,,,,,,
7,"TWR/","תֹּור ","tôr","ng'ombe, fahal, ndam, wanyama, njek",,,,,,,,,,,,
5,"TXWT/","תְּחֹות ","tᵊḥôt","chini, badala, pake, kwa, pa",,,,,,,,,,,,
1,"TLG/","תְּלַג ","tᵊlag","theluji, hawahofii",,,,,,,,,,,,
1,"TLJTJ/","תְּלִיתָי ","tᵊlîtāʸ","tatu, watatu, mitatu, matatu, theluthi",,,,,,,,,,,,
11,"TLT/","תְּלָת I","tᵊlāt","tatu, watatu, mitatu, matatu, theluthi",,,,,,,,,,,,
3,"TLT=/","תְּלָת II","tᵊlāt","tatu, watatu, mitatu, matatu, theluthi",,,,,,,,,,,,
2,"TLTJN/","תְּלָתִין ","tᵊlātîn","thelathini, nne",,,,,,,,,,,,
4,"TMH","תַּמָּה ","tammāʰ","huko, hapo, humo, ndik, pale",,,,,,,,,,,,
3,"TMH/","תְּמַהּ ","tᵊmah","ajab, ishara, miujiza, kifani, zoziti",,,,,,,,,,,,
1,"TNJN/","תִּנְיָן ","tinyān","wawili, mbili, miwili, mawili, viwili",,,,,,,,,,,,
1,"TNJNWT","תִּנְיָנוּת ","tinyānût","wawili, mbili, miwili, mawili, viwili",,,,,,,,,,,,
2,"TPTJ/","תִּפְתָּי ","tiftāʸ","ofis, wakuu, mkuu, watumishi, hakim",,,,,,,,,,,,
5,"TQJP/","תַּקִּיף ","taqqîf","nguvu, hodari, wez, wenye, shind",,,,,,,,,,,,
2,"TQL/","תְּקֵל ","tᵊqēl","uzan, pimw, pimi, pim, lip, shekeli",,,,,,,,,,,,
1,"TQL[","תקל ","TQL",,,"uzan, pimw, pimi, pim, lip, shekeli",,,,,,,,,,
1,"TQN[","תקן ","TQN",,,,,,,,"thibiti, imar, ishara, dhahiri, onesh",,,,,
1,"TQP/","תְּקֹף I","tᵊqōf","shuja, nguvu, hodari, uwez, wenye",,,,,,,,,,,,
1,"TQP=/","תְּקַף II","tᵊqaf","shuja, nguvu, hodari, uwez, wenye",,,,,,,,,,,,
5,"TQP[","תקף ","TQF",,"nguvu, hodari, wez, wenye, shind",,"nguvu, hodari, wez, wenye, shind",,,,,,,,,
4,"TRJN/","תְּרֵין ","tᵊrên","wawili, mbili, miwili, mawili, viwili",,,,,,,,,,,,
2,"TR</","תְּרַע I","tᵊraʕ","lang, ila, miim, mwim, lango",,,,,,,,,,,,
1,"TR<=/","תָּרָע II","tārāʕ","lang, ila, miim, mwim, lango",,,,,,,,,,,,
4,"TTNJ/","תַּתְּנַי ","tattᵊnay","tatenai",,,,,,,,,,,,
